1;LOK001;TRA001;2018-05-03;2018-05-03;17:40:00;NULL;1;xx1;-1;NULL;NULL;NULL;NULL;NULL;NULL;NULL;NULL;NULL;NULL;NULL;NULL;NULL;NULL;NULL;NULL;NULL;NULL;NULL;NULL;NULL;NULL;NULL;NULL
1;LOK001;TRA001;2018-05-03;2018-05-03;17:40:00;NULL;2;yy1;1;NULL;NULL;NULL;NULL;NULL;NULL;NULL;NULL;NULL;NULL;NULL;NULL;NULL;NULL;NULL;NULL;NULL;NULL;NULL;NULL;NULL;NULL;NULL;NULL
1;LOK001;TRA001;2018-05-03;2018-05-03;17:40:00;NULL;3;yy2;1;NULL;NULL;NULL;NULL;NULL;NULL;NULL;NULL;NULL;NULL;NULL;NULL;NULL;NULL;NULL;NULL;NULL;NULL;NULL;NULL;NULL;NULL;NULL;NULL
1;LOK001;TRA001;2018-05-03;2018-05-03;17:40:00;NULL;4;xx2;-1;NULL;NULL;NULL;NULL;NULL;NULL;NULL;NULL;NULL;NULL;NULL;NULL;NULL;NULL;NULL;NULL;NULL;NULL;NULL;NULL;NULL;NULL;NULL;NULL
1;LOK001;TRA001;2018-05-03;2018-05-03;17:40:00;NULL;5;xx3;-1;NULL;NULL;NULL;NULL;NULL;NULL;NULL;NULL;NULL;NULL;NULL;NULL;NULL;NULL;NULL;NULL;NULL;NULL;NULL;NULL;NULL;NULL;NULL;NULL
1;LOK001;TRA001;2018-05-03;2018-05-03;17:40:00;NULL;6;xx1;-1;NULL;NULL;NULL;NULL;NULL;NULL;NULL;NULL;NULL;NULL;NULL;NULL;NULL;NULL;NULL;NULL;NULL;NULL;NULL;NULL;NULL;NULL;NULL;NULL
1;LOK001;TRA001;2018-05-03;2018-05-03;17:40:00;NULL;7;yy2;6;NULL;NULL;NULL;NULL;NULL;NULL;NULL;NULL;NULL;NULL;NULL;NULL;NULL;NULL;NULL;NULL;NULL;NULL;NULL;NULL;NULL;NULL;NULL;NULL
1;LOK001;TRA001;2018-05-03;2018-05-03;17:40:00;NULL;8;xx3;-1;NULL;NULL;NULL;NULL;NULL;NULL;NULL;NULL;NULL;NULL;NULL;NULL;NULL;NULL;NULL;NULL;NULL;NULL;NULL;NULL;NULL;NULL;NULL;NULL
1;LOK001;TRA002;2018-05-03;2018-05-03;17:40:00;NULL;9;xx1;-1;NULL;NULL;NULL;NULL;NULL;NULL;NULL;NULL;NULL;NULL;NULL;NULL;NULL;NULL;NULL;NULL;NULL;NULL;NULL;NULL;NULL;NULL;NULL;NULL
1;LOK001;TRA002;2018-05-03;2018-05-03;17:40:00;NULL;10;yy1;9;NULL;NULL;NULL;NULL;NULL;NULL;NULL;NULL;NULL;NULL;NULL;NULL;NULL;NULL;NULL;NULL;NULL;NULL;NULL;NULL;NULL;NULL;NULL;NULL
1;LOK001;TRA002;2018-05-03;2018-05-03;17:40:00;NULL;11;yy2;9;NULL;NULL;NULL;NULL;NULL;NULL;NULL;NULL;NULL;NULL;NULL;NULL;NULL;NULL;NULL;NULL;NULL;NULL;NULL;NULL;NULL;NULL;NULL;NULL
1;LOK001;TRA002;2018-05-03;2018-05-03;17:40:00;NULL;12;xx2;-1;NULL;NULL;NULL;NULL;NULL;NULL;NULL;NULL;NULL;NULL;NULL;NULL;NULL;NULL;NULL;NULL;NULL;NULL;NULL;NULL;NULL;NULL;NULL;NULL
1;LOK001;TRA002;2018-05-03;2018-05-03;17:40:00;NULL;13;xx3;-1;NULL;NULL;NULL;NULL;NULL;NULL;NULL;NULL;NULL;NULL;NULL;NULL;NULL;NULL;NULL;NULL;NULL;NULL;NULL;NULL;NULL;NULL;NULL;NULL
1;LOK001;TRA002;2018-05-03;2018-05-03;17:40:00;NULL;14;xx1;-1;NULL;NULL;NULL;NULL;NULL;NULL;NULL;NULL;NULL;NULL;NULL;NULL;NULL;NULL;NULL;NULL;NULL;NULL;NULL;NULL;NULL;NULL;NULL;NULL
1;LOK001;TRA002;2018-05-03;2018-05-03;17:40:00;NULL;15;yy2;14;NULL;NULL;NULL;NULL;NULL;NULL;NULL;NULL;NULL;NULL;NULL;NULL;NULL;NULL;NULL;NULL;NULL;NULL;NULL;NULL;NULL;NULL;NULL;NULL
1;LOK001;TRA002;2018-05-03;2018-05-03;17:40:00;NULL;16;xx3;-1;NULL;NULL;NULL;NULL;NULL;NULL;NULL;NULL;NULL;NULL;NULL;NULL;NULL;NULL;NULL;NULL;NULL;NULL;NULL;NULL;NULL;NULL;NULL;NULL
1;LOK001;TRA003;2018-05-03;2018-05-03;17:40:00;NULL;17;xx1;-1;NULL;NULL;NULL;NULL;NULL;NULL;NULL;NULL;NULL;NULL;NULL;NULL;NULL;NULL;NULL;NULL;NULL;NULL;NULL;NULL;NULL;NULL;NULL;NULL
1;LOK001;TRA003;2018-05-03;2018-05-03;17:40:00;NULL;18;yy1;17;NULL;NULL;NULL;NULL;NULL;NULL;NULL;NULL;NULL;NULL;NULL;NULL;NULL;NULL;NULL;NULL;NULL;NULL;NULL;NULL;NULL;NULL;NULL;NULL
1;LOK001;TRA003;2018-05-03;2018-05-03;17:40:00;NULL;19;yy2;17;NULL;NULL;NULL;NULL;NULL;NULL;NULL;NULL;NULL;NULL;NULL;NULL;NULL;NULL;NULL;NULL;NULL;NULL;NULL;NULL;NULL;NULL;NULL;NULL
1;LOK001;TRA003;2018-05-03;2018-05-03;17:40:00;NULL;20;xx2;-1;NULL;NULL;NULL;NULL;NULL;NULL;NULL;NULL;NULL;NULL;NULL;NULL;NULL;NULL;NULL;NULL;NULL;NULL;NULL;NULL;NULL;NULL;NULL;NULL
1;LOK001;TRA003;2018-05-03;2018-05-03;17:40:00;NULL;21;xx3;-1;NULL;NULL;NULL;NULL;NULL;NULL;NULL;NULL;NULL;NULL;NULL;NULL;NULL;NULL;NULL;NULL;NULL;NULL;NULL;NULL;NULL;NULL;NULL;NULL
1;LOK001;TRA003;2018-05-03;2018-05-03;17:40:00;NULL;22;xx1;-1;NULL;NULL;NULL;NULL;NULL;NULL;NULL;NULL;NULL;NULL;NULL;NULL;NULL;NULL;NULL;NULL;NULL;NULL;NULL;NULL;NULL;NULL;NULL;NULL
1;LOK001;TRA003;2018-05-03;2018-05-03;17:40:00;NULL;23;yy2;22;NULL;NULL;NULL;NULL;NULL;NULL;NULL;NULL;NULL;NULL;NULL;NULL;NULL;NULL;NULL;NULL;NULL;NULL;NULL;NULL;NULL;NULL;NULL;NULL
1;LOK001;TRA003;2018-05-03;2018-05-03;17:40:00;NULL;24;xx3;-1;NULL;NULL;NULL;NULL;NULL;NULL;NULL;NULL;NULL;NULL;NULL;NULL;NULL;NULL;NULL;NULL;NULL;NULL;NULL;NULL;NULL;NULL;NULL;NULL
1;LOK001;TRA004;2018-05-03;2018-05-03;17:40:00;NULL;25;xx1;-1;NULL;NULL;NULL;NULL;NULL;NULL;NULL;NULL;NULL;NULL;NULL;NULL;NULL;NULL;NULL;NULL;NULL;NULL;NULL;NULL;NULL;NULL;NULL;NULL
1;LOK001;TRA004;2018-05-03;2018-05-03;17:40:00;NULL;26;yy1;25;NULL;NULL;NULL;NULL;NULL;NULL;NULL;NULL;NULL;NULL;NULL;NULL;NULL;NULL;NULL;NULL;NULL;NULL;NULL;NULL;NULL;NULL;NULL;NULL
1;LOK001;TRA004;2018-05-03;2018-05-03;17:40:00;NULL;27;yy2;25;NULL;NULL;NULL;NULL;NULL;NULL;NULL;NULL;NULL;NULL;NULL;NULL;NULL;NULL;NULL;NULL;NULL;NULL;NULL;NULL;NULL;NULL;NULL;NULL
1;LOK001;TRA004;2018-05-03;2018-05-03;17:40:00;NULL;28;xx2;-1;NULL;NULL;NULL;NULL;NULL;NULL;NULL;NULL;NULL;NULL;NULL;NULL;NULL;NULL;NULL;NULL;NULL;NULL;NULL;NULL;NULL;NULL;NULL;NULL
1;LOK001;TRA004;2018-05-03;2018-05-03;17:40:00;NULL;29;xx3;-1;NULL;NULL;NULL;NULL;NULL;NULL;NULL;NULL;NULL;NULL;NULL;NULL;NULL;NULL;NULL;NULL;NULL;NULL;NULL;NULL;NULL;NULL;NULL;NULL
1;LOK001;TRA004;2018-05-03;2018-05-03;17:40:00;NULL;30;xx1;-1;NULL;NULL;NULL;NULL;NULL;NULL;NULL;NULL;NULL;NULL;NULL;NULL;NULL;NULL;NULL;NULL;NULL;NULL;NULL;NULL;NULL;NULL;NULL;NULL
1;LOK001;TRA004;2018-05-03;2018-05-03;17:40:00;NULL;31;yy2;30;NULL;NULL;NULL;NULL;NULL;NULL;NULL;NULL;NULL;NULL;NULL;NULL;NULL;NULL;NULL;NULL;NULL;NULL;NULL;NULL;NULL;NULL;NULL;NULL
1;LOK001;TRA004;2018-05-03;2018-05-03;17:40:00;NULL;32;xx3;-1;NULL;NULL;NULL;NULL;NULL;NULL;NULL;NULL;NULL;NULL;NULL;NULL;NULL;NULL;NULL;NULL;NULL;NULL;NULL;NULL;NULL;NULL;NULL;NULL
1;LOK001;TRA005;2018-05-03;2018-05-03;17:40:00;NULL;33;xx1;-1;NULL;NULL;NULL;NULL;NULL;NULL;NULL;NULL;NULL;NULL;NULL;NULL;NULL;NULL;NULL;NULL;NULL;NULL;NULL;NULL;NULL;NULL;NULL;NULL
1;LOK001;TRA005;2018-05-03;2018-05-03;17:40:00;NULL;34;yy1;33;NULL;NULL;NULL;NULL;NULL;NULL;NULL;NULL;NULL;NULL;NULL;NULL;NULL;NULL;NULL;NULL;NULL;NULL;NULL;NULL;NULL;NULL;NULL;NULL
1;LOK001;TRA005;2018-05-03;2018-05-03;17:40:00;NULL;35;yy2;33;NULL;NULL;NULL;NULL;NULL;NULL;NULL;NULL;NULL;NULL;NULL;NULL;NULL;NULL;NULL;NULL;NULL;NULL;NULL;NULL;NULL;NULL;NULL;NULL
1;LOK001;TRA005;2018-05-03;2018-05-03;17:40:00;NULL;36;xx2;-1;NULL;NULL;NULL;NULL;NULL;NULL;NULL;NULL;NULL;NULL;NULL;NULL;NULL;NULL;NULL;NULL;NULL;NULL;NULL;NULL;NULL;NULL;NULL;NULL
1;LOK001;TRA005;2018-05-03;2018-05-03;17:40:00;NULL;37;xx3;-1;NULL;NULL;NULL;NULL;NULL;NULL;NULL;NULL;NULL;NULL;NULL;NULL;NULL;NULL;NULL;NULL;NULL;NULL;NULL;NULL;NULL;NULL;NULL;NULL
1;LOK001;TRA005;2018-05-03;2018-05-03;17:40:00;NULL;38;xx1;-1;NULL;NULL;NULL;NULL;NULL;NULL;NULL;NULL;NULL;NULL;NULL;NULL;NULL;NULL;NULL;NULL;NULL;NULL;NULL;NULL;NULL;NULL;NULL;NULL
1;LOK001;TRA005;2018-05-03;2018-05-03;17:40:00;NULL;39;yy2;38;NULL;NULL;NULL;NULL;NULL;NULL;NULL;NULL;NULL;NULL;NULL;NULL;NULL;NULL;NULL;NULL;NULL;NULL;NULL;NULL;NULL;NULL;NULL;NULL
1;LOK001;TRA005;2018-05-03;2018-05-03;17:40:00;NULL;40;xx3;-1;NULL;NULL;NULL;NULL;NULL;NULL;NULL;NULL;NULL;NULL;NULL;NULL;NULL;NULL;NULL;NULL;NULL;NULL;NULL;NULL;NULL;NULL;NULL;NULL
1;LOK001;TRA006;2018-05-03;2018-05-03;17:40:00;NULL;41;xx1;-1;NULL;NULL;NULL;NULL;NULL;NULL;NULL;NULL;NULL;NULL;NULL;NULL;NULL;NULL;NULL;NULL;NULL;NULL;NULL;NULL;NULL;NULL;NULL;NULL
1;LOK001;TRA006;2018-05-03;2018-05-03;17:40:00;NULL;42;yy1;41;NULL;NULL;NULL;NULL;NULL;NULL;NULL;NULL;NULL;NULL;NULL;NULL;NULL;NULL;NULL;NULL;NULL;NULL;NULL;NULL;NULL;NULL;NULL;NULL
1;LOK001;TRA006;2018-05-03;2018-05-03;17:40:00;NULL;43;yy2;41;NULL;NULL;NULL;NULL;NULL;NULL;NULL;NULL;NULL;NULL;NULL;NULL;NULL;NULL;NULL;NULL;NULL;NULL;NULL;NULL;NULL;NULL;NULL;NULL
1;LOK001;TRA006;2018-05-03;2018-05-03;17:40:00;NULL;44;xx2;-1;NULL;NULL;NULL;NULL;NULL;NULL;NULL;NULL;NULL;NULL;NULL;NULL;NULL;NULL;NULL;NULL;NULL;NULL;NULL;NULL;NULL;NULL;NULL;NULL
1;LOK001;TRA006;2018-05-03;2018-05-03;17:40:00;NULL;45;xx3;-1;NULL;NULL;NULL;NULL;NULL;NULL;NULL;NULL;NULL;NULL;NULL;NULL;NULL;NULL;NULL;NULL;NULL;NULL;NULL;NULL;NULL;NULL;NULL;NULL
1;LOK001;TRA006;2018-05-03;2018-05-03;17:40:00;NULL;46;xx1;-1;NULL;NULL;NULL;NULL;NULL;NULL;NULL;NULL;NULL;NULL;NULL;NULL;NULL;NULL;NULL;NULL;NULL;NULL;NULL;NULL;NULL;NULL;NULL;NULL
1;LOK001;TRA006;2018-05-03;2018-05-03;17:40:00;NULL;47;yy2;46;NULL;NULL;NULL;NULL;NULL;NULL;NULL;NULL;NULL;NULL;NULL;NULL;NULL;NULL;NULL;NULL;NULL;NULL;NULL;NULL;NULL;NULL;NULL;NULL
1;LOK001;TRA006;2018-05-03;2018-05-03;17:40:00;NULL;48;xx3;-1;NULL;NULL;NULL;NULL;NULL;NULL;NULL;NULL;NULL;NULL;NULL;NULL;NULL;NULL;NULL;NULL;NULL;NULL;NULL;NULL;NULL;NULL;NULL;NULL
1;LOK001;TRA007;2018-05-03;2018-05-03;17:40:00;NULL;49;xx1;-1;NULL;NULL;NULL;NULL;NULL;NULL;NULL;NULL;NULL;NULL;NULL;NULL;NULL;NULL;NULL;NULL;NULL;NULL;NULL;NULL;NULL;NULL;NULL;NULL
1;LOK001;TRA007;2018-05-03;2018-05-03;17:40:00;NULL;50;yy1;49;NULL;NULL;NULL;NULL;NULL;NULL;NULL;NULL;NULL;NULL;NULL;NULL;NULL;NULL;NULL;NULL;NULL;NULL;NULL;NULL;NULL;NULL;NULL;NULL
1;LOK001;TRA007;2018-05-03;2018-05-03;17:40:00;NULL;51;yy2;49;NULL;NULL;NULL;NULL;NULL;NULL;NULL;NULL;NULL;NULL;NULL;NULL;NULL;NULL;NULL;NULL;NULL;NULL;NULL;NULL;NULL;NULL;NULL;NULL
1;LOK001;TRA007;2018-05-03;2018-05-03;17:40:00;NULL;52;xx2;-1;NULL;NULL;NULL;NULL;NULL;NULL;NULL;NULL;NULL;NULL;NULL;NULL;NULL;NULL;NULL;NULL;NULL;NULL;NULL;NULL;NULL;NULL;NULL;NULL
1;LOK001;TRA007;2018-05-03;2018-05-03;17:40:00;NULL;53;xx3;-1;NULL;NULL;NULL;NULL;NULL;NULL;NULL;NULL;NULL;NULL;NULL;NULL;NULL;NULL;NULL;NULL;NULL;NULL;NULL;NULL;NULL;NULL;NULL;NULL
1;LOK001;TRA007;2018-05-03;2018-05-03;17:40:00;NULL;54;xx1;-1;NULL;NULL;NULL;NULL;NULL;NULL;NULL;NULL;NULL;NULL;NULL;NULL;NULL;NULL;NULL;NULL;NULL;NULL;NULL;NULL;NULL;NULL;NULL;NULL
1;LOK001;TRA007;2018-05-03;2018-05-03;17:40:00;NULL;55;yy2;54;NULL;NULL;NULL;NULL;NULL;NULL;NULL;NULL;NULL;NULL;NULL;NULL;NULL;NULL;NULL;NULL;NULL;NULL;NULL;NULL;NULL;NULL;NULL;NULL
1;LOK001;TRA007;2018-05-03;2018-05-03;17:40:00;NULL;56;xx3;-1;NULL;NULL;NULL;NULL;NULL;NULL;NULL;NULL;NULL;NULL;NULL;NULL;NULL;NULL;NULL;NULL;NULL;NULL;NULL;NULL;NULL;NULL;NULL;NULL
1;LOK001;TRA008;2018-05-03;2018-05-03;17:40:00;NULL;57;xx1;-1;NULL;NULL;NULL;NULL;NULL;NULL;NULL;NULL;NULL;NULL;NULL;NULL;NULL;NULL;NULL;NULL;NULL;NULL;NULL;NULL;NULL;NULL;NULL;NULL
1;LOK001;TRA008;2018-05-03;2018-05-03;17:40:00;NULL;58;yy1;57;NULL;NULL;NULL;NULL;NULL;NULL;NULL;NULL;NULL;NULL;NULL;NULL;NULL;NULL;NULL;NULL;NULL;NULL;NULL;NULL;NULL;NULL;NULL;NULL
1;LOK001;TRA008;2018-05-03;2018-05-03;17:40:00;NULL;59;yy2;57;NULL;NULL;NULL;NULL;NULL;NULL;NULL;NULL;NULL;NULL;NULL;NULL;NULL;NULL;NULL;NULL;NULL;NULL;NULL;NULL;NULL;NULL;NULL;NULL
1;LOK001;TRA008;2018-05-03;2018-05-03;17:40:00;NULL;60;xx2;-1;NULL;NULL;NULL;NULL;NULL;NULL;NULL;NULL;NULL;NULL;NULL;NULL;NULL;NULL;NULL;NULL;NULL;NULL;NULL;NULL;NULL;NULL;NULL;NULL
1;LOK001;TRA008;2018-05-03;2018-05-03;17:40:00;NULL;61;xx3;-1;NULL;NULL;NULL;NULL;NULL;NULL;NULL;NULL;NULL;NULL;NULL;NULL;NULL;NULL;NULL;NULL;NULL;NULL;NULL;NULL;NULL;NULL;NULL;NULL
1;LOK001;TRA008;2018-05-03;2018-05-03;17:40:00;NULL;62;xx1;-1;NULL;NULL;NULL;NULL;NULL;NULL;NULL;NULL;NULL;NULL;NULL;NULL;NULL;NULL;NULL;NULL;NULL;NULL;NULL;NULL;NULL;NULL;NULL;NULL
1;LOK001;TRA008;2018-05-03;2018-05-03;17:40:00;NULL;63;yy2;62;NULL;NULL;NULL;NULL;NULL;NULL;NULL;NULL;NULL;NULL;NULL;NULL;NULL;NULL;NULL;NULL;NULL;NULL;NULL;NULL;NULL;NULL;NULL;NULL
1;LOK001;TRA008;2018-05-03;2018-05-03;17:40:00;NULL;64;xx3;-1;NULL;NULL;NULL;NULL;NULL;NULL;NULL;NULL;NULL;NULL;NULL;NULL;NULL;NULL;NULL;NULL;NULL;NULL;NULL;NULL;NULL;NULL;NULL;NULL
1;LOK001;TRA009;2018-05-03;2018-05-03;17:40:00;NULL;65;xx1;-1;NULL;NULL;NULL;NULL;NULL;NULL;NULL;NULL;NULL;NULL;NULL;NULL;NULL;NULL;NULL;NULL;NULL;NULL;NULL;NULL;NULL;NULL;NULL;NULL
1;LOK001;TRA009;2018-05-03;2018-05-03;17:40:00;NULL;66;yy1;65;NULL;NULL;NULL;NULL;NULL;NULL;NULL;NULL;NULL;NULL;NULL;NULL;NULL;NULL;NULL;NULL;NULL;NULL;NULL;NULL;NULL;NULL;NULL;NULL
1;LOK001;TRA009;2018-05-03;2018-05-03;17:40:00;NULL;67;yy2;65;NULL;NULL;NULL;NULL;NULL;NULL;NULL;NULL;NULL;NULL;NULL;NULL;NULL;NULL;NULL;NULL;NULL;NULL;NULL;NULL;NULL;NULL;NULL;NULL
1;LOK001;TRA009;2018-05-03;2018-05-03;17:40:00;NULL;68;xx2;-1;NULL;NULL;NULL;NULL;NULL;NULL;NULL;NULL;NULL;NULL;NULL;NULL;NULL;NULL;NULL;NULL;NULL;NULL;NULL;NULL;NULL;NULL;NULL;NULL
1;LOK001;TRA009;2018-05-03;2018-05-03;17:40:00;NULL;69;xx3;-1;NULL;NULL;NULL;NULL;NULL;NULL;NULL;NULL;NULL;NULL;NULL;NULL;NULL;NULL;NULL;NULL;NULL;NULL;NULL;NULL;NULL;NULL;NULL;NULL
1;LOK001;TRA009;2018-05-03;2018-05-03;17:40:00;NULL;70;xx1;-1;NULL;NULL;NULL;NULL;NULL;NULL;NULL;NULL;NULL;NULL;NULL;NULL;NULL;NULL;NULL;NULL;NULL;NULL;NULL;NULL;NULL;NULL;NULL;NULL
1;LOK001;TRA009;2018-05-03;2018-05-03;17:40:00;NULL;71;yy2;70;NULL;NULL;NULL;NULL;NULL;NULL;NULL;NULL;NULL;NULL;NULL;NULL;NULL;NULL;NULL;NULL;NULL;NULL;NULL;NULL;NULL;NULL;NULL;NULL
1;LOK001;TRA009;2018-05-03;2018-05-03;17:40:00;NULL;72;xx3;-1;NULL;NULL;NULL;NULL;NULL;NULL;NULL;NULL;NULL;NULL;NULL;NULL;NULL;NULL;NULL;NULL;NULL;NULL;NULL;NULL;NULL;NULL;NULL;NULL
1;LOK001;TRA010;2018-05-03;2018-05-03;17:40:00;NULL;73;xx1;-1;NULL;NULL;NULL;NULL;NULL;NULL;NULL;NULL;NULL;NULL;NULL;NULL;NULL;NULL;NULL;NULL;NULL;NULL;NULL;NULL;NULL;NULL;NULL;NULL
1;LOK001;TRA010;2018-05-03;2018-05-03;17:40:00;NULL;74;yy1;73;NULL;NULL;NULL;NULL;NULL;NULL;NULL;NULL;NULL;NULL;NULL;NULL;NULL;NULL;NULL;NULL;NULL;NULL;NULL;NULL;NULL;NULL;NULL;NULL
1;LOK001;TRA010;2018-05-03;2018-05-03;17:40:00;NULL;75;yy2;73;NULL;NULL;NULL;NULL;NULL;NULL;NULL;NULL;NULL;NULL;NULL;NULL;NULL;NULL;NULL;NULL;NULL;NULL;NULL;NULL;NULL;NULL;NULL;NULL
1;LOK001;TRA010;2018-05-03;2018-05-03;17:40:00;NULL;76;xx2;-1;NULL;NULL;NULL;NULL;NULL;NULL;NULL;NULL;NULL;NULL;NULL;NULL;NULL;NULL;NULL;NULL;NULL;NULL;NULL;NULL;NULL;NULL;NULL;NULL
1;LOK001;TRA010;2018-05-03;2018-05-03;17:40:00;NULL;77;xx3;-1;NULL;NULL;NULL;NULL;NULL;NULL;NULL;NULL;NULL;NULL;NULL;NULL;NULL;NULL;NULL;NULL;NULL;NULL;NULL;NULL;NULL;NULL;NULL;NULL
1;LOK001;TRA010;2018-05-03;2018-05-03;17:40:00;NULL;78;xx1;-1;NULL;NULL;NULL;NULL;NULL;NULL;NULL;NULL;NULL;NULL;NULL;NULL;NULL;NULL;NULL;NULL;NULL;NULL;NULL;NULL;NULL;NULL;NULL;NULL
1;LOK001;TRA010;2018-05-03;2018-05-03;17:40:00;NULL;79;yy2;78;NULL;NULL;NULL;NULL;NULL;NULL;NULL;NULL;NULL;NULL;NULL;NULL;NULL;NULL;NULL;NULL;NULL;NULL;NULL;NULL;NULL;NULL;NULL;NULL
1;LOK001;TRA010;2018-05-03;2018-05-03;17:40:00;NULL;80;xx3;-1;NULL;NULL;NULL;NULL;NULL;NULL;NULL;NULL;NULL;NULL;NULL;NULL;NULL;NULL;NULL;NULL;NULL;NULL;NULL;NULL;NULL;NULL;NULL;NULL
1;LOK001;TRA011;2018-05-03;2018-05-03;17:40:00;NULL;81;xx1;-1;NULL;NULL;NULL;NULL;NULL;NULL;NULL;NULL;NULL;NULL;NULL;NULL;NULL;NULL;NULL;NULL;NULL;NULL;NULL;NULL;NULL;NULL;NULL;NULL
1;LOK001;TRA011;2018-05-03;2018-05-03;17:40:00;NULL;82;yy1;81;NULL;NULL;NULL;NULL;NULL;NULL;NULL;NULL;NULL;NULL;NULL;NULL;NULL;NULL;NULL;NULL;NULL;NULL;NULL;NULL;NULL;NULL;NULL;NULL
1;LOK001;TRA011;2018-05-03;2018-05-03;17:40:00;NULL;83;yy2;81;NULL;NULL;NULL;NULL;NULL;NULL;NULL;NULL;NULL;NULL;NULL;NULL;NULL;NULL;NULL;NULL;NULL;NULL;NULL;NULL;NULL;NULL;NULL;NULL
1;LOK001;TRA011;2018-05-03;2018-05-03;17:40:00;NULL;84;xx2;-1;NULL;NULL;NULL;NULL;NULL;NULL;NULL;NULL;NULL;NULL;NULL;NULL;NULL;NULL;NULL;NULL;NULL;NULL;NULL;NULL;NULL;NULL;NULL;NULL
1;LOK001;TRA011;2018-05-03;2018-05-03;17:40:00;NULL;85;xx3;-1;NULL;NULL;NULL;NULL;NULL;NULL;NULL;NULL;NULL;NULL;NULL;NULL;NULL;NULL;NULL;NULL;NULL;NULL;NULL;NULL;NULL;NULL;NULL;NULL
1;LOK001;TRA011;2018-05-03;2018-05-03;17:40:00;NULL;86;xx1;-1;NULL;NULL;NULL;NULL;NULL;NULL;NULL;NULL;NULL;NULL;NULL;NULL;NULL;NULL;NULL;NULL;NULL;NULL;NULL;NULL;NULL;NULL;NULL;NULL
1;LOK001;TRA011;2018-05-03;2018-05-03;17:40:00;NULL;87;yy2;86;NULL;NULL;NULL;NULL;NULL;NULL;NULL;NULL;NULL;NULL;NULL;NULL;NULL;NULL;NULL;NULL;NULL;NULL;NULL;NULL;NULL;NULL;NULL;NULL
1;LOK001;TRA011;2018-05-03;2018-05-03;17:40:00;NULL;88;xx3;-1;NULL;NULL;NULL;NULL;NULL;NULL;NULL;NULL;NULL;NULL;NULL;NULL;NULL;NULL;NULL;NULL;NULL;NULL;NULL;NULL;NULL;NULL;NULL;NULL
1;LOK001;TRA012;2018-05-03;2018-05-03;17:40:00;NULL;89;xx1;-1;NULL;NULL;NULL;NULL;NULL;NULL;NULL;NULL;NULL;NULL;NULL;NULL;NULL;NULL;NULL;NULL;NULL;NULL;NULL;NULL;NULL;NULL;NULL;NULL
1;LOK001;TRA012;2018-05-03;2018-05-03;17:40:00;NULL;90;yy1;89;NULL;NULL;NULL;NULL;NULL;NULL;NULL;NULL;NULL;NULL;NULL;NULL;NULL;NULL;NULL;NULL;NULL;NULL;NULL;NULL;NULL;NULL;NULL;NULL
1;LOK001;TRA012;2018-05-03;2018-05-03;17:40:00;NULL;91;yy2;89;NULL;NULL;NULL;NULL;NULL;NULL;NULL;NULL;NULL;NULL;NULL;NULL;NULL;NULL;NULL;NULL;NULL;NULL;NULL;NULL;NULL;NULL;NULL;NULL
1;LOK001;TRA012;2018-05-03;2018-05-03;17:40:00;NULL;92;xx2;-1;NULL;NULL;NULL;NULL;NULL;NULL;NULL;NULL;NULL;NULL;NULL;NULL;NULL;NULL;NULL;NULL;NULL;NULL;NULL;NULL;NULL;NULL;NULL;NULL
1;LOK001;TRA012;2018-05-03;2018-05-03;17:40:00;NULL;93;xx3;-1;NULL;NULL;NULL;NULL;NULL;NULL;NULL;NULL;NULL;NULL;NULL;NULL;NULL;NULL;NULL;NULL;NULL;NULL;NULL;NULL;NULL;NULL;NULL;NULL
1;LOK001;TRA012;2018-05-03;2018-05-03;17:40:00;NULL;94;xx1;-1;NULL;NULL;NULL;NULL;NULL;NULL;NULL;NULL;NULL;NULL;NULL;NULL;NULL;NULL;NULL;NULL;NULL;NULL;NULL;NULL;NULL;NULL;NULL;NULL
1;LOK001;TRA012;2018-05-03;2018-05-03;17:40:00;NULL;95;yy2;94;NULL;NULL;NULL;NULL;NULL;NULL;NULL;NULL;NULL;NULL;NULL;NULL;NULL;NULL;NULL;NULL;NULL;NULL;NULL;NULL;NULL;NULL;NULL;NULL
1;LOK001;TRA012;2018-05-03;2018-05-03;17:40:00;NULL;96;xx3;-1;NULL;NULL;NULL;NULL;NULL;NULL;NULL;NULL;NULL;NULL;NULL;NULL;NULL;NULL;NULL;NULL;NULL;NULL;NULL;NULL;NULL;NULL;NULL;NULL
1;LOK001;TRA013;2018-05-03;2018-05-03;17:40:00;NULL;97;xx1;-1;NULL;NULL;NULL;NULL;NULL;NULL;NULL;NULL;NULL;NULL;NULL;NULL;NULL;NULL;NULL;NULL;NULL;NULL;NULL;NULL;NULL;NULL;NULL;NULL
1;LOK001;TRA013;2018-05-03;2018-05-03;17:40:00;NULL;98;yy1;97;NULL;NULL;NULL;NULL;NULL;NULL;NULL;NULL;NULL;NULL;NULL;NULL;NULL;NULL;NULL;NULL;NULL;NULL;NULL;NULL;NULL;NULL;NULL;NULL
1;LOK001;TRA013;2018-05-03;2018-05-03;17:40:00;NULL;99;yy2;97;NULL;NULL;NULL;NULL;NULL;NULL;NULL;NULL;NULL;NULL;NULL;NULL;NULL;NULL;NULL;NULL;NULL;NULL;NULL;NULL;NULL;NULL;NULL;NULL
1;LOK001;TRA013;2018-05-03;2018-05-03;17:40:00;NULL;100;xx2;-1;NULL;NULL;NULL;NULL;NULL;NULL;NULL;NULL;NULL;NULL;NULL;NULL;NULL;NULL;NULL;NULL;NULL;NULL;NULL;NULL;NULL;NULL;NULL;NULL
1;LOK001;TRA013;2018-05-03;2018-05-03;17:40:00;NULL;101;xx3;-1;NULL;NULL;NULL;NULL;NULL;NULL;NULL;NULL;NULL;NULL;NULL;NULL;NULL;NULL;NULL;NULL;NULL;NULL;NULL;NULL;NULL;NULL;NULL;NULL
1;LOK001;TRA013;2018-05-03;2018-05-03;17:40:00;NULL;102;xx1;-1;NULL;NULL;NULL;NULL;NULL;NULL;NULL;NULL;NULL;NULL;NULL;NULL;NULL;NULL;NULL;NULL;NULL;NULL;NULL;NULL;NULL;NULL;NULL;NULL
1;LOK001;TRA013;2018-05-03;2018-05-03;17:40:00;NULL;103;yy2;102;NULL;NULL;NULL;NULL;NULL;NULL;NULL;NULL;NULL;NULL;NULL;NULL;NULL;NULL;NULL;NULL;NULL;NULL;NULL;NULL;NULL;NULL;NULL;NULL
1;LOK001;TRA013;2018-05-03;2018-05-03;17:40:00;NULL;104;xx3;-1;NULL;NULL;NULL;NULL;NULL;NULL;NULL;NULL;NULL;NULL;NULL;NULL;NULL;NULL;NULL;NULL;NULL;NULL;NULL;NULL;NULL;NULL;NULL;NULL
1;LOK001;TRA014;2018-05-03;2018-05-03;17:40:00;NULL;105;xx1;-1;NULL;NULL;NULL;NULL;NULL;NULL;NULL;NULL;NULL;NULL;NULL;NULL;NULL;NULL;NULL;NULL;NULL;NULL;NULL;NULL;NULL;NULL;NULL;NULL
1;LOK001;TRA014;2018-05-03;2018-05-03;17:40:00;NULL;106;yy1;105;NULL;NULL;NULL;NULL;NULL;NULL;NULL;NULL;NULL;NULL;NULL;NULL;NULL;NULL;NULL;NULL;NULL;NULL;NULL;NULL;NULL;NULL;NULL;NULL
1;LOK001;TRA014;2018-05-03;2018-05-03;17:40:00;NULL;107;yy2;105;NULL;NULL;NULL;NULL;NULL;NULL;NULL;NULL;NULL;NULL;NULL;NULL;NULL;NULL;NULL;NULL;NULL;NULL;NULL;NULL;NULL;NULL;NULL;NULL
1;LOK001;TRA014;2018-05-03;2018-05-03;17:40:00;NULL;108;xx2;-1;NULL;NULL;NULL;NULL;NULL;NULL;NULL;NULL;NULL;NULL;NULL;NULL;NULL;NULL;NULL;NULL;NULL;NULL;NULL;NULL;NULL;NULL;NULL;NULL
1;LOK001;TRA014;2018-05-03;2018-05-03;17:40:00;NULL;109;xx3;-1;NULL;NULL;NULL;NULL;NULL;NULL;NULL;NULL;NULL;NULL;NULL;NULL;NULL;NULL;NULL;NULL;NULL;NULL;NULL;NULL;NULL;NULL;NULL;NULL
1;LOK001;TRA014;2018-05-03;2018-05-03;17:40:00;NULL;110;xx1;-1;NULL;NULL;NULL;NULL;NULL;NULL;NULL;NULL;NULL;NULL;NULL;NULL;NULL;NULL;NULL;NULL;NULL;NULL;NULL;NULL;NULL;NULL;NULL;NULL
1;LOK001;TRA014;2018-05-03;2018-05-03;17:40:00;NULL;111;yy2;110;NULL;NULL;NULL;NULL;NULL;NULL;NULL;NULL;NULL;NULL;NULL;NULL;NULL;NULL;NULL;NULL;NULL;NULL;NULL;NULL;NULL;NULL;NULL;NULL
1;LOK001;TRA014;2018-05-03;2018-05-03;17:40:00;NULL;112;xx3;-1;NULL;NULL;NULL;NULL;NULL;NULL;NULL;NULL;NULL;NULL;NULL;NULL;NULL;NULL;NULL;NULL;NULL;NULL;NULL;NULL;NULL;NULL;NULL;NULL
1;LOK001;TRA015;2018-05-03;2018-05-03;17:40:00;NULL;113;xx1;-1;NULL;NULL;NULL;NULL;NULL;NULL;NULL;NULL;NULL;NULL;NULL;NULL;NULL;NULL;NULL;NULL;NULL;NULL;NULL;NULL;NULL;NULL;NULL;NULL
1;LOK001;TRA015;2018-05-03;2018-05-03;17:40:00;NULL;114;yy1;113;NULL;NULL;NULL;NULL;NULL;NULL;NULL;NULL;NULL;NULL;NULL;NULL;NULL;NULL;NULL;NULL;NULL;NULL;NULL;NULL;NULL;NULL;NULL;NULL
1;LOK001;TRA015;2018-05-03;2018-05-03;17:40:00;NULL;115;yy2;113;NULL;NULL;NULL;NULL;NULL;NULL;NULL;NULL;NULL;NULL;NULL;NULL;NULL;NULL;NULL;NULL;NULL;NULL;NULL;NULL;NULL;NULL;NULL;NULL
1;LOK001;TRA015;2018-05-03;2018-05-03;17:40:00;NULL;116;xx2;-1;NULL;NULL;NULL;NULL;NULL;NULL;NULL;NULL;NULL;NULL;NULL;NULL;NULL;NULL;NULL;NULL;NULL;NULL;NULL;NULL;NULL;NULL;NULL;NULL
1;LOK001;TRA015;2018-05-03;2018-05-03;17:40:00;NULL;117;xx3;-1;NULL;NULL;NULL;NULL;NULL;NULL;NULL;NULL;NULL;NULL;NULL;NULL;NULL;NULL;NULL;NULL;NULL;NULL;NULL;NULL;NULL;NULL;NULL;NULL
1;LOK001;TRA015;2018-05-03;2018-05-03;17:40:00;NULL;118;xx1;-1;NULL;NULL;NULL;NULL;NULL;NULL;NULL;NULL;NULL;NULL;NULL;NULL;NULL;NULL;NULL;NULL;NULL;NULL;NULL;NULL;NULL;NULL;NULL;NULL
1;LOK001;TRA015;2018-05-03;2018-05-03;17:40:00;NULL;119;yy2;118;NULL;NULL;NULL;NULL;NULL;NULL;NULL;NULL;NULL;NULL;NULL;NULL;NULL;NULL;NULL;NULL;NULL;NULL;NULL;NULL;NULL;NULL;NULL;NULL
1;LOK001;TRA015;2018-05-03;2018-05-03;17:40:00;NULL;120;xx3;-1;NULL;NULL;NULL;NULL;NULL;NULL;NULL;NULL;NULL;NULL;NULL;NULL;NULL;NULL;NULL;NULL;NULL;NULL;NULL;NULL;NULL;NULL;NULL;NULL
